Company,Product,TypeName,Inches,ScreenResolution,Cpu,Ram,Memory,Gpu,OpSys,Weight,Price_euros
1,300,4,7,23,65,8,4,58,8,1.37,7.200939685789514
1,301,4,7,1,63,8,2,51,8,1.34,6.802328094435323
7,50,3,14,8,74,8,16,53,4,1.86,6.3561076606958915
1,300,4,13,25,85,1,29,9,8,1.83,7.839308937522205
1,300,4,7,23,67,8,16,59,8,1.37,7.4980942395604
0,58,3,14,0,14,5,26,17,5,2.1,5.993961427306569
1,300,4,13,25,84,1,15,60,3,2.04,7.669014276347654
1,301,4,7,1,63,8,15,51,8,1.34,7.055916629962658
2,607,4,10,8,106,1,29,98,5,1.3,7.310550158534422
0,430,4,10,15,83,8,16,61,5,1.6,6.647688373563329
7,50,3,14,0,74,5,26,53,4,1.86,5.978632568292603
7,50,3,14,8,56,5,26,47,4,1.86,5.846409872905957
1,300,4,13,25,86,1,16,10,8,1.83,7.800150780272373
4,239,3,14,8,56,5,16,24,5,2.2,6.214408078419525
1,298,4,3,22,51,8,16,52,8,0.92,7.1415617784646
1,300,4,7,23,65,8,16,58,8,1.37,7.326169517376512
4,239,3,14,8,97,8,16,24,5,2.2,6.61472560020376
1,300,4,13,25,87,1,29,11,8,1.83,7.958227192322312
10,209,3,14,8,59,8,10,72,4,2.2,6.214608098422191
4,576,4,7,13,83,8,4,61,5,1.22,6.887552571664617
2,543,2,2,0,30,3,23,41,5,0.98,5.262171919911683
10,291,1,14,15,77,8,5,75,5,2.5,6.907755278982137
7,51,3,14,0,22,5,26,12,4,1.86,5.556828061699537
4,244,0,7,7,83,8,16,61,5,1.62,6.709304340258298
7,8,4,14,8,106,8,16,53,5,1.91,6.492239835020471
4,239,3,14,0,56,5,10,47,5,2.3,6.039397200863284
1,299,4,7,1,62,8,2,51,3,1.35,7.003065458786462
4,247,3,14,8,83,8,16,7,5,2.2,6.68586094706836
4,282,4,14,8,107,8,19,61,5,1.88,7.1693500166706
7,364,3,16,8,83,8,10,69,5,2.5,6.799055862058796
3,270,3,14,8,29,5,35,40,5,1.89,5.505290884699608
2,104,3,10,0,20,3,23,12,5,1.65,5.298317366548036
7,44,3,16,8,8,5,26,7,5,2.71,6.0867747269123065
4,576,4,7,35,106,1,29,61,5,1.2,7.533693709848633
1,299,4,7,1,62,8,15,51,3,1.35,6.906754778648554
10,200,3,10,0,37,5,35,43,5,1.44,5.521460917862246
0,58,3,14,0,60,5,10,53,2,2.1,5.908082938168931
4,252,3,16,15,83,8,5,7,5,2.8,6.887552571664617
7,50,3,14,0,74,5,10,53,5,1.86,6.193772537834054
7,363,3,14,8,83,8,16,70,5,2.1,6.779921907472252
2,554,3,14,8,56,5,10,53,2,2.0,5.966146739123692
4,258,1,14,15,102,1,18,79,5,2.65,7.313220387090301
2,565,3,14,0,74,8,10,72,2,2.3,6.261472600169475
0,63,3,14,15,83,5,16,61,5,2.2,6.52649485957079
4,260,0,16,7,83,0,10,63,5,2.77,6.907755278982137
1,300,4,7,23,64,8,16,56,8,1.37,7.258412150595307
10,211,3,14,0,56,5,4,47,4,2.2,5.91350300563827
2,408,1,16,8,26,8,18,37,5,3.2,7.170119543449628
4,239,3,14,8,74,5,16,24,5,2.3,6.461468176353717
2,574,3,16,0,113,5,10,66,5,2.8,6.1463292576688975
10,592,0,0,28,31,5,35,41,0,0.69,5.768320995793772
0,63,3,14,15,106,8,16,98,5,2.2,6.7357800142423265
7,51,3,14,8,8,5,16,16,5,1.86,5.99018873360393
7,361,3,7,8,106,8,29,61,5,1.49,7.00669522683704
0,58,3,14,0,59,5,10,53,5,2.4,5.953243334287785
4,240,3,14,8,106,8,16,6,5,2.13,6.644830857656083
7,16,3,14,8,56,5,4,47,5,1.91,6.0867747269123065
2,538,3,14,0,74,5,16,53,5,2.0,6.375348447182542
11,181,1,16,8,102,1,20,80,5,2.43,7.803843303538772
2,562,3,14,8,56,5,16,47,2,2.0,6.030685260261263
4,252,3,16,8,106,1,20,7,5,2.8,7.170119543449628
4,550,4,10,8,83,8,16,61,5,1.7,6.779921907472252
10,220,3,10,15,60,8,16,53,4,1.7,6.396929655216146
2,500,3,10,8,83,8,16,61,5,1.4,6.848005274576363
7,50,3,14,8,74,8,16,53,5,1.86,6.53813982376767
2,600,4,14,8,102,1,29,76,5,1.8,7.592870287844818
7,50,3,14,0,56,5,26,6,5,1.86,6.086069933148976
7,428,3,10,0,36,5,25,41,5,1.44,5.438079308923196
10,524,3,14,8,74,5,10,53,5,1.9,6.309918278226516
2,142,1,16,8,102,0,10,76,2,3.0,6.856461984594587
13,429,4,8,37,74,5,4,53,6,1.252,6.993932975223189
4,242,4,7,15,106,8,16,7,5,1.4,6.862757913051401
4,247,3,14,8,106,8,16,7,5,2.2,6.769641976852503
11,163,1,16,8,77,8,5,75,5,2.7,6.999422467507961
0,69,3,10,0,56,8,10,47,5,2.1,5.966146739123692
2,133,1,14,8,102,8,10,75,5,2.2,6.856461984594587
10,210,3,14,8,74,8,22,53,4,2.2,6.253828811575473
4,247,3,14,8,106,8,5,61,5,2.02,6.752270376141742
0,64,3,14,8,60,5,10,97,5,2.2,6.274762021241939
7,364,3,16,8,83,8,5,69,5,2.5,6.885509670034818
4,282,4,14,15,83,8,16,61,5,1.88,7.000480301964336
1,298,4,3,22,61,8,29,52,8,0.92,7.32052696227274
7,362,3,10,8,83,8,16,53,5,1.63,6.7580945044277305
10,207,3,14,8,8,5,4,5,5,2.2,5.991464547107982
0,58,3,14,0,14,5,10,17,5,2.1,5.981414211254481
4,258,1,14,15,102,1,5,76,5,2.65,7.2078598714324755
7,326,4,14,15,106,8,16,85,5,1.83,6.551080335043404
7,50,3,14,8,74,8,16,53,5,1.96,6.396912988410589
2,134,1,14,15,102,1,5,79,5,2.2,7.27931883541462
4,576,4,7,15,106,8,16,61,5,1.21,7.408530566894626
2,135,1,14,8,24,8,10,36,5,2.45,6.551080335043404
0,59,3,14,8,106,8,10,98,5,2.2,6.536691597591305
7,368,3,7,8,106,1,29,61,5,1.49,7.088408778675395
4,258,1,14,8,77,8,16,79,5,2.65,7.086737934510577
2,615,4,10,8,97,8,16,53,5,1.25,6.956545443151569
0,423,0,7,13,83,8,16,61,5,1.5,6.742880635791903
4,239,3,14,8,97,8,10,24,2,2.2,6.398428531339882
4,239,3,14,8,56,5,16,24,2,2.2,6.186208623900494
2,563,3,14,8,59,7,16,65,5,2.0,6.359573868672378
7,314,1,14,15,102,0,5,75,5,2.62,7.1308988302963465
7,21,3,14,8,97,8,16,7,5,1.91,6.579251212010101
7,29,3,14,8,22,5,26,12,5,2.1,5.857933154483459
4,240,3,14,8,83,8,10,6,2,2.2,6.473890696352274
7,124,4,7,15,97,8,16,98,5,1.38,7.02108396428914
13,429,4,8,37,74,8,16,53,6,1.252,7.201170883281678
7,323,3,10,15,74,7,16,72,5,1.58,6.492239835020471
10,228,3,14,8,56,5,10,47,5,1.85,6.030444846748866
2,501,4,10,15,97,8,16,72,5,1.3,7.085064293952548
11,167,1,14,8,102,1,18,76,5,2.2,7.170119543449628
10,486,3,10,15,97,8,16,53,5,1.58,7.300472814267799
2,541,4,14,8,106,1,18,98,5,1.5,7.141245122350491
4,576,4,7,31,98,8,16,58,5,1.23,7.22983877815125
10,474,0,7,13,74,8,16,53,5,1.37,7.24422751560335
7,369,3,10,9,83,5,26,61,5,1.63,6.583409222158765
4,576,4,7,15,83,8,16,61,5,1.21,7.396335293800808
7,421,0,7,13,83,8,16,61,5,1.26,7.244220372720696
7,369,3,10,8,106,8,29,61,5,1.63,6.98933526597456
4,257,3,14,15,106,8,18,72,5,2.16,7.031149210745764
2,572,3,16,8,56,5,10,66,5,2.0,6.336825731146441
2,541,3,14,8,106,8,16,72,5,1.7,7.020190708311925
0,422,3,14,13,59,7,10,53,5,2.1,6.173786103901937
11,178,1,14,8,102,1,20,80,5,1.8,7.715346593932951
10,210,3,14,8,74,8,16,72,4,2.2,6.4457198193855785
7,371,3,16,8,106,1,29,70,5,2.5,7.148345743900068
0,58,3,14,0,14,5,16,17,5,2.1,6.113682179832232
7,50,3,14,0,36,5,26,41,4,1.86,5.560681631015528
7,369,3,10,8,83,8,10,61,5,1.63,6.70073110954781
2,103,3,10,0,16,5,37,12,6,1.65,5.631175938885108
4,252,3,16,8,106,1,20,7,5,2.8,7.242082359256962
7,364,3,16,8,83,8,16,61,5,2.5,6.834108738813838
4,245,3,14,0,74,8,10,30,5,2.36,6.461452551231646
4,239,3,14,8,56,5,10,24,5,2.2,6.1092475827643655
0,430,4,10,15,106,8,16,61,5,1.6,6.785587645007929
0,65,3,14,8,60,5,16,97,5,2.2,6.35088571671474
7,7,3,14,0,97,8,10,53,5,2.05,6.395261598115449
7,369,3,10,8,106,8,16,61,5,1.63,6.8966943316227125
10,504,3,14,0,37,5,10,43,4,1.9,5.5348114022303845
2,140,1,16,8,77,8,5,75,5,3.0,6.844815479208263
10,210,3,14,8,74,5,10,66,4,2.2,6.214608098422191
7,123,3,7,15,74,5,16,53,5,1.32,6.551080335043404
0,59,3,16,15,60,5,10,97,5,3.0,6.486160788944089
10,455,3,10,15,83,8,16,35,5,1.75,7.018419704011861
10,291,1,14,15,102,8,16,77,4,2.4,6.76849321164863
16,411,3,14,0,68,5,26,47,5,2.1,6.401917196727186
7,51,3,14,0,8,5,16,16,5,1.86,5.91350300563827
2,606,4,10,8,106,8,16,61,5,1.25,7.003065458786462
7,113,4,5,11,47,8,29,46,5,0.97,7.608374474380783
2,555,3,14,8,37,5,10,43,5,2.0,5.84354441703136
11,152,1,16,8,102,1,18,80,5,2.9,7.615791072035833
0,62,3,14,0,56,5,10,47,5,2.1,6.104793232414985
4,248,1,14,8,102,1,29,75,5,2.56,7.131106808667346
4,256,1,14,8,102,8,1,75,5,2.62,6.802394763324311
10,505,3,14,0,74,5,4,53,5,1.9,6.212606095751519
11,155,1,16,8,102,1,18,79,5,2.8,7.544861068658458
7,111,4,10,8,80,5,16,53,5,1.48,6.9874902470009905
7,9,3,14,8,83,7,16,6,5,1.91,6.429719478039138
10,583,0,10,13,59,5,16,53,5,1.74,6.4457198193855785
2,599,0,7,7,83,8,16,53,5,1.1,7.182352111885263
4,250,0,14,7,106,8,16,61,5,1.56,6.956545443151569
16,411,3,14,0,55,5,26,47,5,2.1,6.104793232414985
2,569,3,14,0,14,5,10,22,5,2.03,6.0014148779611505
0,67,3,16,15,83,5,16,98,5,3.0,6.692083742506628
4,240,3,14,8,83,8,16,6,5,2.13,6.591673732008658
10,291,1,14,15,102,1,16,76,5,2.5,6.984716320118266
0,61,3,14,0,37,5,10,43,5,2.1,5.855071922202427
11,149,1,14,15,102,1,18,79,5,2.4,7.495541943884256
0,58,3,14,0,113,5,10,44,5,2.1,5.898553985914634
4,248,1,14,8,102,8,5,75,5,2.56,6.967428860467754
0,67,3,16,15,83,8,16,98,5,3.0,6.75110146893676
7,361,3,7,15,83,5,26,61,5,1.49,6.626717749249025
8,302,4,6,17,74,8,16,53,5,1.05,7.2078598714324755
7,47,3,16,15,74,7,22,6,5,2.71,6.551080335043404
10,207,3,14,0,9,5,26,16,4,2.2,5.736572297479192
16,411,3,14,0,59,5,26,53,5,2.0,6.194405391104672
7,364,3,16,8,83,8,16,69,5,2.5,6.828712071641684
4,239,3,14,0,59,8,10,53,5,2.3,6.131226489483141
0,62,3,14,0,56,5,4,47,5,2.1,6.1092475827643655
11,190,1,17,8,95,4,31,62,5,4.4,7.937374696163295
10,518,3,14,8,74,8,5,4,5,1.9,6.70196036600254
7,421,0,7,11,83,8,16,61,5,1.29,7.313220387090301
4,247,3,14,8,106,1,20,7,2,2.02,6.956545443151569
4,576,4,7,8,83,8,16,61,5,1.23,7.24422751560335
10,591,0,9,11,106,1,29,61,5,1.4,7.52294091807237
16,411,3,14,0,74,8,4,53,5,2.0,6.677083461247136
18,303,3,14,15,83,8,16,98,4,1.95,7.090076835776092
4,260,3,16,7,106,1,29,63,5,2.77,7.346010209913293
4,577,3,14,5,102,1,29,75,5,2.06,7.7823903355874595
10,291,1,14,15,77,8,16,75,4,2.4,6.659293919683638
0,431,4,7,15,81,8,16,52,5,1.12,6.897704943128636
4,252,3,16,8,106,8,5,7,5,2.8,6.990256500493881
10,494,0,10,39,97,1,12,53,5,1.42,7.946263643580541
17,264,3,10,15,37,5,23,43,5,1.3,5.564520407322694
18,303,4,7,15,74,8,16,98,4,1.3,6.908654874224973
10,213,3,16,2,83,8,16,98,4,2.8,6.54965074223381
4,244,0,7,13,106,8,10,61,5,1.62,6.733401891837359
7,364,3,16,15,83,8,10,69,5,2.5,6.818924065275521
14,85,1,16,5,103,4,12,82,5,3.49,8.716044050161402
7,361,3,7,8,83,8,29,61,5,1.49,6.866933284461882
7,317,1,16,15,102,1,18,75,5,3.35,7.22983877815125
7,371,3,16,8,106,8,16,70,5,2.5,6.952728644624869
4,258,1,14,12,102,1,31,79,5,2.65,7.520776415062797
10,511,3,14,0,68,5,4,47,5,2.1,6.202535517187923
0,71,3,14,8,97,8,10,72,5,2.23,6.610696044717759
10,292,1,14,15,102,1,31,79,5,3.2,7.4673710669175595
4,352,5,14,6,114,1,18,101,5,2.8,8.024862150286411
10,291,1,14,8,102,1,29,79,4,2.4,7.243512974665482
4,239,3,14,36,59,7,10,53,5,2.3,6.0867747269123065
4,576,4,7,11,106,8,16,61,5,1.21,7.575584651557793
4,576,4,7,8,106,8,16,61,5,1.2,7.27931883541462
10,210,3,14,0,74,8,16,53,5,2.2,6.393590753950631
0,60,3,14,8,102,8,10,75,2,2.4,6.659293919683638
2,384,1,16,8,102,1,18,75,5,2.9,7.249925536717988
7,22,3,14,8,56,5,26,47,4,2.1,5.857933154483459
10,210,3,14,8,74,8,16,53,4,2.2,6.309918278226516
8,302,4,6,17,97,8,29,53,5,1.05,7.313220387090301
4,242,4,7,15,106,8,16,7,5,1.4,6.8382765752120775
10,212,3,16,2,74,8,10,85,4,2.8,6.380122536899765
7,369,3,10,8,106,8,16,69,5,1.63,6.939253946041508
4,280,4,10,8,83,8,16,61,5,1.6,7.047517221357296
4,244,0,7,7,106,1,29,61,5,1.62,7.154615356913663
4,240,3,14,8,83,8,16,6,2,2.2,6.519663378931318
10,583,0,10,15,83,8,16,61,5,1.74,6.802394763324311
16,341,4,7,8,89,8,16,47,5,1.2,7.218176838403408
7,363,3,14,8,83,8,10,61,5,2.1,6.678342114654332
4,56,1,16,15,102,1,18,79,5,4.42,7.806834743085911
0,71,3,14,8,97,8,16,72,5,2.2,6.725033642166843
4,245,3,14,7,97,1,10,30,5,2.3,6.756944017086926
2,545,3,14,8,74,8,16,67,5,2.0,6.646390514847729
2,266,3,16,8,74,8,21,86,5,2.69,6.79346613258001
7,594,3,14,8,97,8,10,1,5,1.9,7.146772179452637
2,359,3,14,0,59,5,10,53,5,2.37,5.991439546795477
7,38,3,14,0,19,5,26,12,5,2.1,5.802118375377063
10,292,1,14,15,102,1,18,79,5,3.2,7.313220387090301
4,549,3,10,8,74,8,16,53,5,1.6,6.756932389247553
0,79,0,7,13,68,8,16,47,5,1.6,6.536691597591305
4,245,3,14,8,97,1,16,30,2,2.36,6.802394763324311
0,62,3,14,0,56,5,10,47,2,2.1,5.968707559985366
2,570,3,14,8,2,5,5,24,5,2.2,6.3561076606958915
2,381,1,16,8,103,4,31,82,5,4.7,8.266421472984554
0,307,1,14,15,77,8,16,75,5,2.5,6.741700694652055
10,211,3,14,0,56,8,4,47,5,2.2,6.380122536899765
2,539,3,16,8,106,8,5,63,5,2.1,7.044032897274685
2,129,3,16,8,97,8,5,86,4,2.69,6.7912214627261855
4,248,1,14,8,77,8,16,75,5,2.56,6.779921907472252
10,590,0,9,13,97,8,16,53,5,1.38,6.984716320118266
4,247,3,14,8,106,8,6,7,5,2.2,6.893656354602635
7,20,3,14,36,74,8,10,53,5,2.04,6.327936783729195
2,387,1,16,8,103,1,16,82,5,3.6,8.006367567650246
7,361,3,7,15,83,5,26,61,5,1.49,6.516193076042964
1,300,4,7,23,67,8,29,59,8,1.37,7.621195162809845
4,250,0,14,13,106,8,10,61,5,2.08,6.709304340258298
2,382,1,16,8,102,1,18,93,5,4.3,7.495541943884256
2,552,3,14,0,14,5,10,22,5,1.68,6.152732694704104
10,591,0,9,13,106,8,29,61,5,1.37,7.52294091807237
0,59,3,16,15,60,5,16,97,5,3.0,6.555356891810665
4,548,4,7,8,83,8,16,61,5,1.41,6.856461984594587
7,13,3,14,0,10,8,4,16,5,1.91,6.1023348559394055
7,125,3,16,15,106,1,10,98,5,2.9,6.966024187106113
11,187,1,16,8,102,1,31,80,5,4.14,7.824046010856292
10,586,0,14,13,102,8,29,77,5,2.0,7.438383530044307
4,252,3,16,8,106,8,5,7,5,2.8,7.04141166379481
10,211,3,14,8,56,5,16,47,4,2.2,6.09807428216624
7,363,3,14,15,83,5,26,53,5,2.1,6.583409222158765
4,547,3,14,8,74,5,10,53,5,2.18,6.489204931325317
4,239,3,14,8,74,8,10,24,5,2.24,6.338594078203183
4,250,0,14,7,83,8,16,61,5,2.67,6.684611727667927
2,599,0,7,7,106,8,34,61,5,1.1,7.313220387090301
10,210,3,14,8,74,5,10,53,4,2.2,6.148468295917647
7,371,3,16,8,106,8,10,70,5,2.5,6.926577033222725
10,531,3,14,8,106,8,16,61,5,2.05,6.78105762593618
1,300,4,7,23,66,8,29,57,8,1.37,7.580648730514814
2,408,1,16,8,26,1,18,37,5,3.2,7.346010209913293
4,240,3,14,8,106,8,16,6,2,2.14,6.601325222901983
10,472,0,10,39,91,1,29,47,5,1.36,7.824046010856292
16,411,3,14,0,89,8,26,68,5,2.2,6.70073110954781
4,245,3,14,0,97,0,10,53,5,2.3,6.570980996749741
4,252,3,16,8,106,8,5,7,2,2.8,7.003065458786462
0,63,3,14,15,106,8,10,97,5,2.2,6.61472560020376
10,214,3,16,2,56,5,10,47,5,2.8,6.194405391104672
10,213,3,16,8,106,8,22,98,4,2.8,6.745236349484363
10,212,3,16,2,97,7,5,72,5,2.8,6.756932389247553
4,239,3,14,8,54,5,10,24,2,2.25,6.061456918928017
10,291,1,14,15,77,8,16,75,5,2.5,6.721425700790643
10,230,3,14,8,74,7,16,53,5,2.2,6.363028103540465
0,67,3,14,15,106,8,16,98,5,3.0,6.858565034791365
0,409,3,14,13,97,0,10,53,5,2.15,6.492239835020471
10,490,3,14,15,97,8,16,55,5,1.95,7.001245622069476
2,541,4,14,8,74,8,16,72,5,1.7,6.885509670034818
10,291,1,14,15,102,1,18,76,5,2.5,7.07326971745971
10,209,3,14,8,97,8,10,72,4,2.2,6.49225498642084
0,97,3,14,0,32,3,8,40,1,2.19,5.298317366548036
2,139,1,16,8,102,8,10,75,5,3.0,7.080026499922591
7,40,3,16,2,56,8,10,47,5,2.54,6.194405391104672
4,577,3,14,8,102,8,16,75,5,2.0,7.512071245835466
10,530,3,14,8,83,8,16,61,5,2.05,6.606650186198215
10,292,1,14,15,102,8,10,79,5,3.2,7.170119543449628
0,68,3,14,8,102,8,16,76,2,2.5,6.887552571664617
4,353,5,16,8,104,1,16,101,5,3.42,7.967578228108656
10,202,3,14,8,0,7,10,18,5,2.4,6.214608098422191
2,609,4,14,8,97,1,29,72,5,1.63,7.292337176173877
2,540,3,10,0,59,5,4,53,5,1.3,6.234410725718371
2,402,1,16,8,102,1,18,80,5,2.9,7.660585461703256
10,212,3,16,2,74,7,10,84,5,2.8,6.476972362889683
10,210,3,14,0,74,8,22,72,4,2.2,6.309918278226516
2,157,1,14,8,102,8,5,76,5,2.5,7.143617602704121
10,208,3,14,0,113,5,10,44,4,2.2,5.888850257118181
7,114,0,7,7,99,1,16,53,5,1.28,7.588829878307813
16,411,3,14,15,89,8,16,68,5,2.2,6.950814768442584
10,209,3,14,8,74,8,5,72,5,2.3,6.709304340258298
7,50,3,14,8,56,5,10,47,5,1.86,6.152732694704104
10,222,3,7,15,74,8,16,53,5,1.1,6.907755278982137
4,576,4,7,11,106,1,12,61,5,1.21,7.824046010856292
11,150,1,14,15,102,1,18,80,5,2.8,7.649692623711514
0,107,3,14,8,11,8,16,17,5,2.23,6.152732694704104
2,536,0,2,36,37,3,23,43,5,1.1,5.62040086571715
4,247,3,14,8,83,8,5,7,5,2.33,6.739336627357174
7,421,0,7,11,106,1,12,61,5,1.29,7.803843303538772
10,453,3,7,0,33,5,7,45,1,1.45,6.133181099726462
7,365,3,10,8,74,8,16,53,5,1.95,6.8885724595653635
0,495,3,2,0,112,5,2,42,5,1.4,6.186208623900494
7,117,3,10,8,97,8,16,53,5,1.48,7.164720378771857
10,212,3,16,2,74,5,10,66,5,2.79,6.380122536899765
2,605,3,10,8,97,8,16,53,5,2.0,6.9985096422506015
7,363,3,14,14,106,8,10,61,5,2.1,6.805722553416985
0,59,3,14,0,4,8,16,34,5,2.2,6.492239835020471
10,200,3,10,0,37,5,23,43,5,1.44,5.680172609017068
0,70,3,14,0,74,7,10,53,5,2.23,6.309918278226516
2,541,4,14,8,97,8,16,72,5,1.7,6.957402218871551
7,116,4,5,8,97,8,16,53,5,1.26,7.197435354096591
4,577,3,14,5,102,4,12,75,5,2.06,7.878534196140362
11,164,1,16,8,102,8,18,76,5,2.7,7.090076835776092
16,411,3,14,15,74,8,16,53,5,2.0,6.8501261661455
2,502,3,10,8,97,8,18,53,5,2.0,7.19668657083435
10,521,3,14,8,56,5,10,47,5,1.85,6.1092475827643655
2,137,1,14,8,102,8,16,75,5,2.5,6.907755278982137
7,111,3,10,8,78,8,16,53,5,1.48,7.1459844677143876
4,257,4,14,15,83,8,5,72,5,1.9,6.956545443151569
7,118,3,14,8,74,8,16,53,5,1.84,7.0431599159883405
2,556,3,14,0,37,5,10,43,2,2.0,5.620364633176702
4,257,3,14,8,83,8,16,72,5,2.0,7.042067616589731
4,238,3,14,0,36,5,26,40,2,2.2,5.62003848122324
10,206,3,14,8,5,0,22,7,5,2.2,6.802394763324311
7,363,3,14,15,59,8,10,70,5,2.1,6.57507584059962
10,591,0,9,11,106,1,29,61,5,1.4,7.649692623711514
4,576,4,7,8,106,8,16,61,5,1.2,7.365180126021013
10,291,1,14,15,102,1,20,76,5,2.4,7.029972911706386
7,427,3,10,0,36,3,23,41,5,1.44,5.634789603169249
4,282,4,14,8,107,1,32,61,5,1.88,7.383343286521773
2,536,0,2,36,37,5,23,43,5,1.5,5.929589143389895
4,247,4,14,8,83,8,10,7,5,1.9,6.498282149476434
4,577,3,14,5,102,1,29,75,5,2.06,7.615012443860422
7,118,3,14,8,97,8,16,53,5,1.84,7.173958319756794
11,171,1,16,8,102,8,5,79,5,2.7,7.251344983372214
7,597,5,14,8,102,8,16,101,5,2.6,7.461220763947065
16,440,3,14,15,89,1,29,68,5,2.4,7.247080584585756
4,247,3,14,8,106,8,6,7,5,2.02,6.879252918509425
10,208,3,14,0,37,5,10,43,4,2.2,5.777621362991072
4,258,1,14,8,77,8,10,75,5,2.65,6.907755278982137
4,239,3,14,36,74,8,22,53,5,2.36,6.32502182507656
4,285,3,10,8,78,8,16,53,5,1.36,7.2640301428995295
7,50,3,14,0,56,5,26,47,5,1.86,6.0867747269123065
2,614,3,10,8,74,8,16,53,5,2.0,6.852242569051878
10,212,3,16,2,74,7,5,85,5,2.8,6.579251212010101
7,50,3,14,8,74,8,10,53,5,1.86,6.461468176353717
10,211,3,14,0,56,8,16,67,4,2.2,6.214608098422191
7,3,3,14,0,112,8,22,42,5,2.04,5.966146739123692
4,252,3,16,8,83,8,5,7,5,2.8,6.990256500493881
10,291,1,14,15,77,8,5,75,4,2.4,6.697034247666484
4,245,3,14,8,97,8,16,30,5,2.33,6.802394763324311
7,115,4,10,15,97,8,16,53,5,1.36,7.467942332285852
2,599,0,14,7,97,0,33,74,5,2.26,7.003065458786462
0,58,3,14,0,14,5,4,17,5,2.1,6.056784013228625
2,408,1,16,15,26,1,18,37,5,3.25,7.696212639346407
10,199,3,16,2,11,5,4,17,5,2.6,6.194405391104672
4,244,0,7,7,106,8,16,61,5,1.62,6.768504705835444
7,31,3,14,8,14,5,16,17,5,1.91,6.194384982733157
10,578,2,2,9,41,5,4,43,5,1.59,6.317164686747284
4,238,3,14,0,35,5,26,41,5,1.8,5.736572297479192
2,535,3,10,0,37,5,23,43,5,1.5,5.659482215759621
0,60,3,14,8,102,8,10,75,2,2.4,6.741700694652055
7,321,1,16,15,102,8,5,75,5,3.35,7.083387847625295
10,520,3,14,8,56,5,4,47,4,1.85,6.002651736498547
2,385,1,14,15,102,8,5,79,5,2.3,7.412160334945205
10,223,3,10,15,74,8,16,72,5,1.5,7.003065458786462
2,611,4,7,7,97,1,29,53,5,1.1,7.467313922427702
10,491,4,10,10,97,8,29,53,5,1.13,7.733245646529795
10,233,3,7,15,59,5,4,53,5,1.5,6.309918278226516
4,349,5,14,8,72,8,26,2,5,2.23,7.222566018822171
4,351,5,14,15,94,8,16,101,5,2.0,7.666690200080086
10,472,0,10,39,97,1,29,53,5,1.42,7.828038032125829
2,404,1,16,8,102,8,10,75,5,3.0,6.946975992135418
2,407,1,16,8,102,1,18,76,5,3.0,7.3727463664043285
0,59,3,14,9,83,0,10,97,5,2.2,6.5438974569720685
11,294,1,16,8,102,8,16,76,5,2.7,7.2078598714324755
4,245,3,14,8,97,8,16,30,2,2.33,6.659127239126539
7,10,4,14,8,14,5,16,6,5,1.91,6.214608098422191
10,457,3,14,15,106,8,16,35,5,2.1,7.115224629308743
10,459,3,10,15,74,8,16,53,5,1.9,6.844815479208263
4,354,5,14,5,102,8,16,101,5,1.78,7.905810312658931
10,491,4,10,10,97,1,12,53,5,1.13,7.873217054862741
10,208,3,14,0,37,5,10,43,5,2.2,5.726847747587197
2,141,1,16,8,102,1,18,75,5,2.9,7.333023014386481
10,457,3,14,15,83,8,18,35,5,2.1,7.04359650189355
0,60,3,14,8,102,8,16,75,2,2.5,6.779921907472252
11,156,1,16,8,102,1,18,80,5,2.8,7.718685495198466
2,610,4,10,8,97,8,29,53,5,1.1,7.535830462798367
16,342,4,7,8,89,1,29,47,5,1.2,7.466227556215481
4,285,4,10,8,99,8,29,40,5,1.36,7.427144133408616
10,211,3,14,8,56,5,26,47,5,2.2,6.016157159698354
10,293,3,2,0,37,3,23,43,5,1.15,5.721786099095776
10,462,5,14,8,102,8,29,101,5,2.67,7.563200592358071
10,487,4,10,18,102,8,29,74,5,1.7,7.572502985020384
7,6,3,14,8,56,5,10,6,5,2.1,6.152732694704104
0,79,0,7,13,89,8,16,47,5,1.6,6.672045603608801
2,599,0,7,13,74,8,16,53,5,1.27,6.834108738813838
4,239,3,14,8,74,5,16,24,2,2.3,6.3967629746590475
4,274,3,7,0,56,5,4,47,5,1.65,6.536691597591305
7,109,4,10,8,89,8,16,47,5,1.43,7.313886831633462
4,239,3,14,0,74,8,10,53,5,2.14,6.293326853133583
10,455,4,10,15,106,8,16,35,5,1.75,7.103634513708157
10,586,0,14,11,102,1,29,75,5,2.0,7.549609165154532
3,269,3,4,24,41,7,35,43,5,1.4,6.1092475827643655
7,366,3,14,8,104,8,16,55,5,2.31,7.2640301428995295
2,564,3,14,8,59,8,10,72,2,2.3,6.393590753950631
4,56,1,16,10,103,1,18,80,5,4.42,7.937374696163295
4,258,1,14,15,102,8,5,76,5,2.62,7.05617528410041
4,247,3,14,8,106,8,20,7,5,2.02,7.041761558829871
4,279,4,10,8,99,8,16,53,2,1.6,7.003065458786462
7,320,1,16,8,102,0,18,80,5,3.35,7.600902459542082
12,145,0,2,13,37,5,25,43,5,1.16,5.703782474656201
15,93,2,2,0,36,5,7,41,1,1.15,5.598421958998375
10,475,3,7,15,97,8,16,53,5,1.4,6.918695219020472
10,215,3,10,15,60,5,4,53,5,1.7,6.396929655216146
10,490,5,14,12,99,1,29,72,5,2.3,7.802209316247118
10,480,3,14,8,104,1,29,104,5,2.5,7.803843303538772
2,408,1,16,8,25,8,18,37,5,3.2,7.4360278163518485
7,37,3,14,0,36,5,26,41,5,2.1,5.8522024797744745
6,331,4,4,38,105,1,29,52,1,1.1,7.696212639346407
10,469,4,10,4,97,2,29,53,5,1.32,7.776115477098742
2,538,3,14,8,74,5,16,53,2,2.0,6.327936783729195
10,207,3,16,2,8,8,10,15,5,2.8,6.253828811575473
4,247,3,14,8,83,5,16,7,5,2.2,6.620073206530356
10,473,4,5,15,74,8,16,53,5,1.36,7.265429723253953
10,208,3,14,8,113,5,4,44,5,2.2,5.857933154483459
7,312,1,14,15,102,8,5,75,5,2.2,7.003065458786462
4,279,3,10,8,79,8,16,69,5,1.64,7.07326971745971
0,76,3,14,0,74,5,26,53,2,2.4,6.093118200834482
4,350,5,14,8,114,8,36,107,5,2.23,7.597897950521784
11,191,1,14,8,77,8,16,75,5,2.2,6.936090031409406
13,429,4,8,37,100,1,29,58,6,1.25,7.859413154693583
7,24,3,14,0,74,8,4,53,5,1.91,6.380122536899765
4,350,5,14,15,94,1,16,107,5,2.17,7.588829878307813
7,366,5,14,15,104,8,29,53,5,2.31,7.336285660021297
10,467,3,10,8,74,8,16,53,5,1.65,7.204892510204673
4,247,3,14,8,106,8,5,7,5,2.36,6.887552571664617
4,236,0,2,36,112,5,26,42,5,1.47,6.173786103901937
4,56,3,16,15,101,8,10,79,5,4.42,7.624130585661289
13,429,4,8,37,52,5,4,52,6,1.252,6.897704943128636
13,429,4,8,37,100,8,16,58,6,1.25,7.495541943884256
7,41,3,16,2,56,8,16,47,5,2.5,6.462873438510181
0,71,3,14,8,56,5,10,72,5,2.23,6.300785794663244
0,495,2,2,0,36,5,4,41,5,1.4,6.077642243349034
2,357,3,14,8,74,8,10,53,5,2.37,6.620073206530356
10,219,3,10,15,97,8,29,31,4,1.5,6.684611727667927
10,480,3,14,8,104,8,16,104,5,2.67,7.645397699428633
2,561,3,14,0,113,5,26,43,5,2.0,5.720311776607412
0,59,3,14,0,56,5,26,85,5,2.2,6.152732694704104
4,247,3,14,8,83,8,22,7,5,2.02,6.633318433280377
7,318,1,16,15,102,0,10,79,5,3.78,7.438383530044307
10,485,4,10,20,91,0,16,47,5,1.4,7.527793987721444
7,421,0,7,11,106,8,29,61,5,1.29,7.600902459542082
7,594,3,14,8,74,8,26,1,5,1.9,7.051855622955894
6,331,4,4,38,82,8,4,52,1,1.1,7.151485463904735
4,284,4,7,7,83,8,16,61,5,1.42,7.519068565317946
2,600,3,14,12,92,0,5,48,5,2.06,7.170119543449628
4,287,3,10,0,58,8,4,47,5,1.79,6.608000625296087
4,354,5,14,8,102,8,16,101,5,1.78,7.786967002614872
10,486,3,10,8,74,8,9,53,5,1.7,7.21890970761906
4,240,3,14,8,83,8,10,6,5,2.2,6.516193076042964
16,334,3,7,15,74,8,16,53,5,1.05,7.422373700986824
4,257,3,14,15,106,8,29,72,5,2.16,7.141245122350491
4,547,3,14,0,59,5,10,53,5,2.18,6.376046444299722
7,361,3,7,15,83,5,4,61,5,1.49,6.588926477533519
3,271,3,14,8,30,5,35,40,5,1.89,5.521060837840906
10,456,3,14,0,54,5,4,47,5,2.3,6.338594078203183
10,455,3,10,15,83,8,16,61,5,1.75,6.956545443151569
4,350,5,14,15,94,1,29,107,5,2.17,7.757478766584179
4,577,3,14,8,102,1,29,75,5,2.06,7.549609165154532
10,493,4,5,15,97,1,29,53,5,1.36,7.4949862339505335
2,613,4,5,8,97,1,29,53,5,0.91,7.576097340623111
10,477,3,14,15,74,8,16,72,5,2.3,6.920661632531647
16,336,4,7,7,97,4,29,53,5,1.05,7.937374696163295
2,539,1,14,8,102,8,5,75,5,1.99,7.208600337960199
0,59,3,14,0,1,8,10,34,5,2.2,6.363028103540465
2,389,1,16,13,92,2,18,90,5,4.33,7.146772179452637
10,492,4,5,9,68,8,9,47,5,1.3,7.003065458786462
10,234,3,14,8,106,8,16,61,5,2.17,6.8022836460399025
7,111,3,10,8,99,8,12,53,5,1.48,7.4673710669175595
10,453,3,7,15,59,8,16,53,5,1.4,6.856461984594587
10,460,3,14,15,74,8,16,53,5,2.3,6.815639990074331
2,534,2,2,0,37,5,35,43,6,1.2,5.831882477283517
7,5,3,14,0,74,8,16,6,5,1.91,6.429703348876805
10,591,0,9,13,83,8,16,61,5,1.4,7.3777589082278725
10,205,3,10,0,37,5,26,43,5,2.1,5.703782474656201
10,100,2,2,0,36,5,8,41,1,1.25,5.583496308781699
10,453,3,7,8,74,8,16,53,5,1.44,6.856461984594587
2,608,3,14,8,97,8,18,53,5,2.0,7.110696122978827
0,66,3,14,15,83,5,10,98,5,2.2,6.419994928147142
7,120,4,7,15,97,8,29,53,5,1.34,7.188412736496954
10,291,1,14,15,102,8,18,79,4,2.4,7.047517221357296
4,576,4,7,13,74,8,4,53,5,1.29,6.802394763324311
0,63,3,14,8,97,5,26,72,5,2.2,6.461468176353717
4,551,3,14,8,74,8,10,53,5,2.18,6.729824070489475
4,247,3,14,8,106,1,20,7,5,2.2,7.106802839691678
18,303,3,14,15,106,1,16,98,4,1.95,7.244905856906428
2,533,2,2,0,37,3,23,43,5,1.1,5.5053315359323625
7,28,3,14,36,83,5,10,61,5,2.04,6.258567565922647
2,386,1,14,8,102,2,29,96,5,2.24,7.99598047476376
7,370,3,14,8,74,8,16,69,5,2.04,6.7912214627261855
2,143,1,16,8,102,1,18,94,5,3.0,7.316548177182976
10,292,1,14,15,102,8,18,79,5,3.2,7.24422751560335
7,420,4,7,15,97,8,16,53,5,1.32,7.24422751560335
4,279,3,10,8,78,8,16,53,5,1.64,7.155185506847295
7,362,3,14,0,56,5,4,47,5,1.63,6.536691597591305
4,252,3,16,15,83,8,5,7,2,2.8,6.7912214627261855
10,459,3,10,8,68,8,16,47,7,2.02,7.201170883281678
10,209,3,14,8,97,5,10,66,5,2.2,6.684611727667927
10,211,3,14,0,56,8,22,67,4,2.2,6.131226489483141
4,239,3,14,8,74,5,26,24,5,2.3,6.373319789577012
4,281,3,14,8,79,8,16,53,5,1.9,7.228388451573604
4,56,1,16,15,102,1,5,80,5,4.42,8.01094706572388
16,411,3,14,15,74,8,26,53,5,2.0,6.7580945044277305
2,616,3,14,12,97,8,18,89,5,2.0,7.170119543449628
12,415,3,7,15,41,5,25,43,5,1.2,5.91350300563827
2,385,1,14,15,77,8,5,79,5,2.3,7.408530566894626
4,281,3,14,8,99,8,16,69,5,1.93,7.222566018822171
4,247,3,14,8,83,8,16,7,5,2.2,6.682622249968917
7,50,3,14,8,112,5,16,42,5,1.86,5.991439546795477
7,313,1,16,8,102,0,10,79,5,2.62,7.495541943884256
10,476,3,10,15,97,8,16,72,5,1.87,6.756932389247553
4,576,4,7,31,106,8,16,61,5,1.2,7.24422751560335
4,549,3,10,8,56,5,4,47,5,1.6,6.602411485857249
7,121,4,7,21,97,8,16,53,5,1.34,7.044032897274685
0,60,1,14,8,77,8,10,75,2,2.4,6.683360945766275
2,542,3,14,0,17,5,26,13,5,2.0,5.857933154483459
7,363,3,14,8,59,5,4,53,5,2.1,6.560323202124582
10,454,3,10,8,74,5,26,53,5,1.87,6.666956792429207
10,523,3,14,8,68,5,10,47,4,2.15,6.138482708032701
7,50,3,14,8,56,5,26,47,5,1.86,5.986452005284438
10,471,3,14,15,97,8,29,53,5,1.99,7.455876687491824
10,211,3,14,8,56,5,4,47,5,2.2,6.214608098422191
4,281,3,14,8,74,8,16,53,5,1.9,7.019287709131214
4,56,1,16,15,102,1,18,80,5,4.42,7.90100705199242
7,42,3,16,2,56,8,10,47,5,2.65,6.3010609861523905
7,364,3,16,8,97,8,10,69,5,2.63,7.155396301896734
2,53,3,14,0,37,5,26,43,2,2.0,5.41610040220442
12,412,3,7,15,30,5,23,40,5,1.35,5.545177444479562
10,212,3,16,2,97,7,5,72,5,2.8,6.856461984594587
7,32,3,14,15,2,7,4,7,5,1.91,6.3454609068409535
4,547,3,14,0,56,5,10,22,5,2.18,6.427943708745316
0,424,0,2,13,38,5,23,43,5,1.25,5.857933154483459
10,527,3,14,8,60,5,4,53,5,2.05,6.447305862541213
7,108,4,7,19,47,1,29,46,5,1.16,7.583756300707112
10,482,3,16,15,102,8,16,108,5,3.4,8.006367567650246
2,136,3,14,8,77,8,5,75,5,2.5,6.733401891837359
4,576,4,7,11,83,8,4,61,5,1.21,7.3777589082278725
4,281,3,14,0,78,5,26,53,5,1.93,6.866933284461882
5,297,3,14,0,74,8,10,53,5,2.2,6.606650186198215
10,208,3,14,8,113,5,26,44,5,2.2,5.84354441703136
10,459,3,10,0,74,5,26,53,5,2.02,6.898714534329988
7,595,5,16,2,79,8,26,101,5,3.14,7.52940108725331
7,1,3,10,0,112,8,22,42,5,1.94,5.966146739123692
7,36,3,14,15,15,7,16,7,5,1.95,6.476972362889683
10,477,3,14,8,74,8,16,53,5,2.3,6.7226297948554485
10,529,3,14,8,83,5,26,53,5,2.05,6.530877627725885
12,414,3,10,8,30,5,25,40,5,1.4,5.521460917862246
16,444,4,10,7,97,1,29,53,5,1.24,7.531552381407289
10,227,1,16,15,93,4,18,80,5,4.6,7.88758403166028
11,188,1,16,8,103,1,31,80,5,4.14,7.912056888179006
4,239,3,14,8,97,8,16,24,2,2.2,6.620086539774801
12,415,3,10,15,41,5,25,43,5,1.45,5.966146739123692
4,281,3,14,0,78,8,26,53,5,1.9,6.917230249344655
7,361,3,7,8,59,5,4,53,5,1.49,6.579251212010101
4,281,3,14,8,99,1,16,69,5,1.93,7.338491693993433
4,89,2,2,0,36,5,7,41,1,1.26,5.69035945432406
11,189,1,16,8,93,1,5,93,5,4.5,7.762170607138205
7,315,1,16,15,102,1,18,75,5,3.78,7.312553498102598
10,485,4,10,15,91,0,16,47,5,1.4,7.422971251049421
10,231,3,14,36,106,0,10,53,5,2.2,6.413458957167357
2,385,1,16,15,77,8,5,79,5,2.73,7.479299637782834
2,434,0,14,36,74,8,10,47,5,2.2,6.606650186198215
10,206,3,14,8,5,0,29,7,5,2.2,6.856461984594587
4,237,0,2,36,48,5,4,52,5,1.39,6.403574197934815
15,310,3,14,8,102,1,5,75,5,2.5,7.438383530044307
10,526,3,16,8,56,5,26,47,4,2.8,6.272877006546167
10,198,3,14,0,58,8,10,47,5,2.29,6.131226489483141
10,474,0,7,13,97,8,29,53,5,1.37,7.613818684808629
10,487,3,10,15,77,8,16,55,5,1.7,7.29641326877392
4,278,0,5,7,74,8,16,53,5,1.34,7.421177528595393
4,350,5,14,7,102,8,16,107,5,2.06,7.475339236566737
7,112,3,14,8,97,8,16,53,5,1.84,7.106606137727303
7,363,3,14,0,59,5,26,53,5,2.1,6.506501291645438
0,57,3,10,8,41,5,23,43,5,1.6,5.799092654460526
11,272,1,16,8,93,1,5,91,5,4.14,7.696212639346407
4,547,3,14,0,56,5,10,22,2,2.18,6.144185634125646
11,177,1,14,6,102,1,20,79,5,1.8,7.7406644019172415
16,451,3,14,15,89,8,16,47,5,2.2,7.24422751560335
10,203,3,14,8,74,7,10,53,5,2.4,6.336825731146441
10,586,0,14,13,102,8,16,55,5,2.0,7.170119543449628
0,432,3,10,0,112,5,2,42,5,1.6,5.857933154483459
10,480,3,14,12,115,4,12,104,5,2.5,8.496990484098719
4,254,1,14,8,92,1,10,88,5,2.59,6.77993327104405
4,547,3,14,0,54,5,10,47,2,2.18,6.097849537811996
4,239,3,14,0,54,5,10,47,2,2.25,5.886104031450156
4,281,3,14,0,78,5,26,53,2,1.93,6.76849321164863
2,138,1,16,8,102,8,5,75,5,3.0,7.063903961472068
4,547,3,14,8,74,5,4,22,2,2.18,6.345636360828596
7,112,4,14,8,97,8,29,53,5,1.84,7.237059026124737
11,184,1,14,8,102,1,18,80,5,2.94,7.727032781686294
0,88,0,2,27,40,5,23,41,1,1.25,5.940171252720432
7,366,3,10,0,78,8,16,53,5,2.31,7.025538314638521
10,467,3,10,8,68,8,16,47,7,1.65,7.290292882446597
4,247,3,14,8,83,5,10,7,5,2.2,6.655440350367647
5,296,3,14,0,74,8,16,53,5,2.2,6.684611727667927
7,112,3,14,0,68,5,26,47,7,1.88,6.838405200847344
10,209,3,14,8,97,8,10,66,5,2.2,6.802394763324311
12,413,3,10,8,30,3,23,40,5,1.4,5.480638923341991
10,210,3,14,8,74,5,4,53,4,2.2,6.150602768446279
2,374,0,7,7,74,7,10,53,5,1.5,6.4614838012316484
4,577,3,14,8,102,8,16,75,5,2.0,7.507141079727608
2,598,4,10,8,97,1,29,53,5,1.1,7.550135342488429
4,256,1,14,8,102,1,18,76,5,2.62,7.299797366758161
10,528,3,14,8,83,5,16,61,5,1.8,6.721425700790643
10,232,3,14,8,56,5,10,67,5,2.2,6.363028103540465
2,560,3,14,0,37,8,10,43,5,2.0,5.991464547107982
2,539,3,14,8,77,8,10,75,5,1.99,6.810825788802163
4,576,4,7,31,83,8,16,61,5,1.23,7.533693709848633
10,196,3,10,0,36,3,23,41,5,1.42,5.521460917862246
10,494,0,7,13,97,8,16,53,5,1.37,7.472170957561016
4,577,3,14,5,102,1,12,75,5,2.06,7.783224016336037
10,291,1,14,15,102,8,5,77,5,2.5,7.01211529430638
7,39,3,15,2,14,8,10,17,5,2.6,6.257475998649367
10,472,4,10,15,97,1,29,53,5,1.14,7.804251383528112
2,383,1,14,15,102,8,10,76,4,2.5,7.064759027791802
0,127,3,14,0,56,5,26,47,5,2.4,6.111467339502679
10,196,3,10,0,36,5,23,40,5,1.43,5.616771097666572
0,430,4,10,15,74,8,16,39,5,1.8,6.824373670043086
14,85,1,10,8,102,1,16,79,5,1.95,7.8632667240095735
16,340,3,7,8,68,8,16,47,5,1.2,7.101675971619444
10,493,4,5,15,97,8,16,53,5,1.36,7.368339686311381
2,379,1,16,15,93,4,29,82,5,3.8,7.937374696163295
0,54,1,14,8,77,8,10,75,2,2.4,6.565264970035361
4,576,4,7,8,83,8,16,61,5,1.2,7.279939332521639
11,162,1,14,8,102,8,5,76,5,2.2,7.084058763450528
7,50,3,14,0,56,5,26,47,4,1.86,5.902360072025161
16,442,3,14,15,74,8,26,53,5,2.0,6.970730078143525
4,247,3,14,8,106,8,16,7,5,2.2,6.824373670043086
4,247,3,14,8,106,1,20,7,5,2.2,7.035268599281097
10,225,1,14,15,92,8,5,87,5,3.31,7.087573705557973
4,56,1,16,12,102,4,31,80,5,4.42,8.054640137573424
4,290,3,10,8,71,8,16,47,5,1.56,7.114769448366463
10,229,3,14,0,37,5,26,43,5,2.2,6.040254711277414
10,211,3,14,8,68,5,26,47,5,2.2,6.284134161070802
7,14,3,14,3,56,7,10,24,5,2.04,6.29156913955832
11,172,1,16,8,102,8,5,79,5,2.7,7.305033633553407
16,411,3,14,0,57,5,4,47,5,2.1,6.212606095751519
4,277,3,14,8,74,8,10,53,5,2.06,6.862757913051401
7,19,3,14,8,97,8,10,7,5,2.1,6.61472560020376
16,452,3,14,15,74,8,16,53,5,2.0,7.138073034044347
0,58,3,14,0,56,5,4,47,2,2.1,6.023447592961033
13,429,4,8,37,99,8,16,58,6,1.252,7.533078547412982
10,525,3,14,8,74,8,5,24,5,1.9,6.708023031928389
10,585,0,7,13,74,8,16,53,5,1.3,6.942156705699469
10,207,3,14,0,21,5,4,13,5,2.2,5.857933154483459
7,329,0,10,13,59,5,4,72,5,1.63,6.551080335043404
11,165,1,14,8,102,1,18,75,5,2.4,7.166265974133638
2,610,4,10,8,74,8,16,53,5,1.1,7.035268599281097
7,102,0,2,36,37,8,35,43,1,1.4,6.206575926724928
9,195,4,14,15,106,8,29,53,5,1.09,7.7406644019172415
0,80,1,14,8,77,1,16,76,5,2.5,7.170119543449628
11,192,1,14,8,77,8,16,75,5,2.2,6.906654673538104
2,268,3,14,0,37,5,4,43,5,1.86,6.040254711277414
4,55,1,14,8,77,1,5,79,5,3.21,7.62657020629066
7,46,3,16,15,56,5,16,19,5,2.5,6.551080335043404
10,587,0,7,13,106,8,29,61,5,1.19,7.313220387090301
4,55,1,14,8,103,1,18,80,5,3.49,7.94262872668324
7,50,3,14,0,74,5,26,6,5,1.86,6.4193595471823075
4,239,3,14,0,56,5,10,24,5,2.2,6.30384532969252
7,43,3,16,15,0,7,22,29,5,2.65,6.345636360828596
10,506,3,14,0,33,5,26,45,5,2.1,5.765191102784844
0,91,3,10,0,33,5,23,45,1,1.45,5.929589143389895
10,221,3,10,8,74,5,16,53,5,1.7,6.551080335043404
7,595,5,16,8,102,8,26,101,5,3.14,7.554329585367344
10,472,0,10,39,97,8,16,53,5,1.42,7.85979918056211
16,411,3,7,15,74,8,16,53,5,1.5,6.881411303642535
0,496,2,2,0,34,5,23,40,5,1.4,5.598421958998375
10,590,0,10,7,97,1,29,53,5,1.38,7.4673710669175595
2,99,0,5,7,49,5,35,46,1,1.2,6.507277712385012
16,346,4,7,7,89,1,29,47,5,1.36,7.537962659768208
7,18,3,14,15,97,5,26,7,5,2.1,6.536691597591305
4,248,1,14,8,77,8,10,75,5,2.56,6.709304340258298
10,207,3,14,8,13,5,16,7,5,2.2,5.991464547107982
10,206,3,14,0,5,8,10,25,5,2.2,6.063785208687608
10,516,3,14,8,74,5,11,53,5,2.1,6.433663303827795
10,522,3,14,0,56,5,26,47,4,1.9,6.111467339502679
4,551,3,14,8,74,8,16,53,5,2.18,6.679599185844383
0,423,0,7,13,83,8,16,61,5,1.6,6.907755278982137
10,463,5,14,8,89,1,29,106,7,2.18,7.526178913346146
10,484,3,10,8,70,8,16,47,5,1.8,7.083387847625295
7,45,3,16,15,1,7,22,7,5,2.71,6.486176032730341
10,291,1,14,15,102,8,5,76,5,2.5,7.1308988302963465
4,279,3,10,8,79,8,16,69,2,1.64,6.993932975223189
4,551,3,14,8,74,8,10,53,2,1.98,6.588926477533519
2,535,3,10,8,37,5,23,43,5,1.5,5.700443573390687
4,281,3,14,8,78,1,29,53,5,1.93,7.263792019312263
10,476,3,10,15,74,8,16,66,5,1.87,6.754685681241666
4,281,3,14,8,78,8,16,53,5,1.9,7.07326971745971
10,0,3,14,0,7,5,26,15,5,2.19,5.700443573390687
12,416,3,10,16,28,5,24,41,5,1.4,5.583496308781699
7,364,3,16,8,97,8,16,69,5,2.63,7.0909098220799835
10,472,4,10,20,89,8,29,47,5,1.17,7.431086382268411
7,329,0,7,27,74,8,16,53,5,1.58,6.730540659556327
10,469,4,10,15,74,8,16,53,5,1.32,7.313220387090301
4,56,1,16,6,102,4,13,80,5,4.36,8.205327710041223
11,164,1,16,8,102,8,5,76,5,2.7,7.207474612044422
10,517,3,14,0,74,5,10,53,4,1.9,6.196240441064007
4,247,3,14,8,83,8,5,7,5,2.2,6.579251212010101
4,243,0,7,7,59,5,10,53,5,1.71,6.476972362889683
4,245,3,14,0,74,8,10,30,2,2.32,6.3810035046658875
7,11,3,14,8,14,5,10,6,5,2.1,6.194405391104672
0,355,1,16,15,92,1,5,79,5,4.2,7.568379267836522
4,239,3,14,0,74,0,10,53,5,2.25,6.476972362889683
7,12,3,14,8,15,7,5,6,5,2.1,6.478509642208569
0,128,3,14,0,74,5,26,53,5,2.4,6.327936783729195
10,453,3,7,15,74,8,16,53,5,1.44,6.8679744089702925
10,519,3,14,8,97,5,10,53,5,1.85,6.659293919683638
7,593,5,14,8,102,1,16,103,5,2.6,7.791522819150732
4,244,0,7,7,83,8,10,61,5,1.55,6.492239835020471
11,177,1,14,8,102,1,18,79,5,1.8,7.647537923058067
0,76,3,14,0,56,5,26,47,5,2.4,6.0205377945936895
4,255,3,14,8,97,8,5,72,5,2.0,7.0967213784947605
4,547,3,14,0,56,8,16,47,5,2.0,6.501289670540389
16,443,3,10,13,74,8,16,53,5,1.25,7.336936913707618
10,144,0,10,7,74,8,16,53,5,1.7,6.907755278982137
10,481,5,14,12,99,1,12,106,5,2.5,8.101677747454572
0,91,3,10,0,36,3,23,41,1,1.68,5.802118375377063
15,309,4,7,8,97,1,16,53,5,0.81,7.408530566894626
7,50,3,14,8,56,8,16,47,5,1.86,6.29156913955832
4,279,3,10,0,74,8,16,53,5,1.6,7.027944306805558
10,304,2,2,36,36,5,4,41,5,1.4,6.16541785423142
7,112,3,14,8,71,8,16,47,5,1.84,7.550135342488429
2,566,3,14,0,70,5,10,86,4,2.45,6.363028103540465
10,483,4,10,8,68,5,9,47,5,1.7,7.00033446027523
2,358,3,14,0,97,5,16,53,5,2.37,6.746294612855512
10,588,0,7,19,69,8,16,50,5,1.3,7.090076835776092
7,35,3,14,15,77,8,5,75,5,2.2,7.003065458786462
7,593,5,14,8,92,8,16,100,7,2.59,7.3537223303996315
4,56,1,14,12,102,1,18,80,5,4.42,7.962063824427039
0,58,3,14,0,74,5,16,53,5,2.1,6.396929655216146
10,291,1,14,15,102,8,5,75,5,2.5,6.955592608396297
4,283,4,5,8,99,1,16,53,5,1.18,7.528331766707247
6,331,4,4,38,82,8,16,52,1,1.1,7.352441100243583
2,612,4,7,21,74,8,16,53,5,1.2,7.029972911706386
4,274,3,7,0,56,5,26,47,5,1.65,6.745236349484363
0,497,3,7,0,68,5,4,47,5,1.6,6.486160788944089
2,573,3,16,0,113,5,10,66,5,2.8,6.155579701959949
4,254,1,14,26,92,1,5,89,5,2.72,7.003065458786462
15,309,4,7,7,97,8,16,53,5,1.31,7.3777589082278725
0,61,3,14,0,113,5,10,44,2,2.1,5.700443573390687
4,245,3,14,8,97,1,16,30,5,2.3,7.075191598276645
15,309,0,12,7,97,1,16,8,5,1.71,7.495541943884256
16,436,3,10,9,68,5,4,47,5,1.75,6.928537818164665
4,256,1,14,8,102,8,10,75,5,2.62,7.003065458786462
7,110,4,5,0,68,5,16,47,5,1.26,7.126890808898808
2,375,0,14,7,97,0,22,72,5,2.3,6.733401891837359
10,479,3,14,6,94,1,29,102,7,2.5,7.771067086065406
0,430,3,10,15,59,5,4,53,5,1.8,6.456769655572163
14,85,1,10,8,102,1,29,79,5,1.95,7.9724660159745655
2,544,3,14,3,110,8,4,44,5,2.0,6.368015645051504
4,56,1,16,15,102,4,13,81,5,4.42,8.18585176962404
2,390,1,16,15,92,1,18,80,5,4.3,7.762596048540069
16,449,4,10,15,91,1,29,68,5,1.47,7.475905969367397
10,197,3,14,0,42,8,10,42,4,2.2,5.799092654460526
10,469,4,10,8,97,1,29,53,5,1.7,7.7406644019172415
11,174,1,10,15,102,1,18,79,5,1.6,7.545389749611823
11,159,1,14,8,77,8,5,75,5,2.2,6.993932975223189
10,291,1,14,15,102,5,10,75,5,2.4,6.907755278982137
0,356,1,16,15,102,1,18,79,5,4.2,7.7406644019172415
4,256,1,14,8,77,8,16,75,5,2.62,6.893656354602635
2,132,1,14,8,102,8,5,95,5,2.24,7.200424892944957
17,263,3,10,3,37,5,23,43,5,1.22,5.31762967758041
10,474,0,7,13,97,8,29,53,5,1.37,7.58629630715272
10,582,0,14,7,74,8,16,31,5,2.08,6.866933284461882
1,298,4,3,22,44,8,28,49,3,0.92,7.061334366910438
10,472,0,10,30,74,8,16,53,5,1.42,7.754052639035757
2,377,3,10,0,37,5,23,43,5,1.63,5.703782474656201
4,277,3,14,0,74,8,4,53,5,1.95,6.698268054115413
10,590,0,9,13,97,8,16,53,5,1.38,7.2078598714324755
4,551,3,14,8,56,8,16,23,5,2.0,6.606650186198215
7,595,5,14,8,102,8,16,103,5,3.14,7.633321245797583
2,360,3,14,8,74,8,16,53,5,2.37,7.003065458786462
4,576,4,7,8,74,8,16,53,5,1.29,7.313220387090301
4,577,3,14,5,77,8,16,75,5,2.06,7.4673710669175595
4,273,2,2,0,113,5,4,44,5,1.63,6.61338421837956
7,110,2,5,0,78,8,16,53,5,1.26,7.237059026124737
16,411,3,14,0,68,5,26,47,5,2.1,6.660575149839686
7,15,3,14,0,3,8,22,26,5,2.04,6.4457198193855785
4,256,1,14,6,102,1,29,76,5,2.62,7.426549072397305
10,203,3,14,8,74,5,10,65,5,2.4,6.413458957167357
7,319,1,16,15,102,0,10,37,5,3.74,7.4673710669175595
11,152,1,16,8,102,1,31,80,5,2.9,7.789868559054706
15,309,4,7,8,74,8,16,53,5,0.81,7.313220387090301
4,551,3,14,8,97,8,10,74,5,1.98,6.8690144506657065
4,547,3,14,8,74,8,16,22,5,2.18,6.673057736638866
10,488,4,10,8,97,8,16,53,5,1.32,7.528331766707247
14,86,4,5,11,96,1,29,53,5,1.29,7.495541943884256
7,89,2,2,0,36,5,7,41,1,1.23,5.955837369464831
4,56,1,16,15,102,1,5,79,5,4.36,7.826451116270136
4,275,3,10,0,68,5,26,47,5,1.76,6.628041376179533
10,510,3,14,0,56,5,26,47,5,2.1,6.196240441064007
16,445,4,10,0,74,5,4,53,5,1.25,6.994849985833071
10,491,4,10,15,97,8,29,53,5,1.13,7.824046010856292
11,160,1,14,8,77,8,16,75,5,2.4,7.090076835776092
10,472,4,10,15,74,8,15,53,5,1.13,7.53689712956617
16,411,3,10,0,108,5,4,45,5,1.75,6.214608098422191
2,599,0,7,34,74,8,16,53,5,1.1,7.214504414151143
4,275,3,10,0,56,5,26,47,5,1.76,6.373319789577012
0,89,2,2,9,36,5,23,41,1,1.35,5.87493073085203
0,430,3,10,15,59,8,4,53,5,1.5,6.429719478039138
14,85,1,16,5,103,4,29,82,5,3.49,8.612503371220562
10,491,4,10,20,91,1,29,47,5,1.1,7.649692623711514
2,538,3,14,8,74,5,10,64,2,2.1,6.253828811575473
10,483,3,10,8,68,8,16,47,5,1.7,7.079184394609668
10,469,3,10,15,78,8,16,53,5,1.32,7.409136443920128
4,55,1,14,8,102,1,18,80,5,3.21,7.928633027440826
2,401,1,16,8,102,1,18,80,5,2.9,7.791522819150732
16,411,3,14,0,59,5,26,53,5,2.0,6.507277712385012
10,305,3,10,0,40,5,7,41,1,1.5,5.786897381366708
2,378,3,14,8,74,8,3,53,5,2.3,6.3818160174060985
2,399,1,16,8,92,1,31,79,5,2.73,7.495541943884256
4,56,1,16,15,102,4,31,80,5,4.42,8.030699139463483
7,364,3,16,2,74,8,10,69,5,2.63,6.814542897259958
4,547,3,14,0,74,8,4,53,5,2.18,6.572268556582216
7,111,4,10,8,89,8,29,47,7,1.54,7.534228326274089
4,547,3,14,8,97,5,16,22,5,2.18,6.606650186198215
7,102,0,2,36,37,5,23,43,1,1.4,6.423246963533519
2,604,4,7,15,68,8,29,71,5,1.45,6.934397209928558
7,114,0,7,7,74,8,16,53,5,1.28,7.731053144007127
7,111,4,10,8,89,8,29,47,5,1.54,7.292337176173877
7,50,3,14,0,36,5,4,41,4,1.86,5.703782474656201
2,393,1,14,8,102,1,5,79,5,2.1,7.549609165154532
4,251,3,16,8,97,8,10,30,2,2.83,6.763884908562435
10,468,4,10,15,102,8,16,74,5,1.96,7.55171221535131
2,265,3,14,15,97,8,16,83,5,2.3,6.669498089857879
4,281,3,14,8,74,8,4,53,5,1.9,6.852242569051878
2,557,3,14,0,113,5,10,44,5,2.0,6.1092475827643655
7,114,0,7,7,99,8,16,53,5,1.28,7.847762537473608
4,241,3,7,7,68,8,10,47,5,1.62,6.476972362889683
10,198,3,14,8,54,5,10,47,4,2.2,6.152732694704104
10,456,3,14,15,74,8,10,53,5,2.3,6.747187386150408
7,112,3,14,8,78,8,16,32,5,1.84,7.2078598714324755
16,338,3,7,8,74,5,4,53,5,1.05,7.1592919047975645
10,291,1,14,15,77,8,10,75,4,2.5,6.925595197110468
4,576,4,7,31,100,1,29,58,5,1.29,7.714677473800927
7,370,3,14,8,68,5,26,47,5,2.07,6.814542897259958
16,348,4,7,0,68,8,16,47,5,1.2,6.999422467507961
10,474,0,7,13,97,8,16,53,5,1.37,7.576097340623111
0,433,3,10,15,74,8,16,53,5,1.56,6.805722553416985
4,350,5,14,8,102,8,10,107,5,2.23,7.483806687665835
10,460,3,14,0,74,5,26,53,5,2.38,6.962243464266207
10,198,3,14,8,56,5,10,24,4,2.2,6.173786103901937
16,441,3,14,15,97,8,16,53,5,2.0,7.236339342754344
10,475,3,7,15,59,5,9,53,5,1.44,6.601230118728877
15,309,4,12,8,97,1,16,72,5,1.23,7.52294091807237
4,283,4,5,8,99,8,16,53,5,1.6,7.43307534889858
2,559,3,14,0,113,5,10,44,2,2.0,5.991439546795477
18,303,4,7,15,68,8,16,72,5,1.28,6.841615476477592
4,551,3,14,8,74,5,5,72,5,2.18,6.817283375818062
7,363,3,14,8,74,5,16,53,5,2.04,6.733401891837359
7,114,0,7,7,74,5,16,53,5,1.28,7.438971592395862
7,330,0,14,36,74,5,26,53,5,2.3,6.53058604002882
2,537,3,11,0,37,5,23,43,5,1.65,5.855071922202427
10,218,3,14,15,89,8,10,72,5,2.2,6.507277712385012
4,238,3,14,0,112,5,26,40,5,2.2,5.91350300563827
7,114,0,7,7,74,5,16,53,5,1.28,7.495541943884256
4,547,3,14,0,54,5,10,23,2,2.18,6.124026720190953
2,405,1,16,8,77,0,5,75,5,2.2,7.223222737441855
0,95,2,2,9,36,5,23,41,1,1.25,5.697093486505405
10,199,3,16,2,6,5,26,14,5,2.8,5.940171252720432
7,372,3,10,8,74,5,4,53,5,1.95,7.143617602704121
7,126,0,7,31,97,1,16,53,5,1.42,7.24422751560335
15,309,4,12,8,97,8,16,53,5,1.17,7.438383530044307
10,469,4,10,15,74,8,16,53,5,1.32,7.495541943884256
11,182,1,16,12,92,1,33,79,5,2.43,7.882314918980268
16,337,3,7,8,74,8,16,53,5,1.05,7.297091005160418
4,256,1,14,8,102,8,10,78,2,2.62,6.835184586147301
7,363,3,14,8,97,8,10,69,5,2.04,6.803505257608338
4,547,3,14,0,54,5,10,23,5,2.18,6.421622267806518
4,281,3,14,8,78,8,26,53,5,1.9,6.841615476477592
4,576,0,7,31,105,8,29,52,5,1.24,7.607927724478835
2,146,1,16,15,93,4,19,93,5,3.58,7.154615356913663
4,576,0,7,7,105,1,16,52,5,1.22,7.408530566894626
10,472,4,10,15,97,8,15,53,5,1.13,7.6255950721324535
10,471,3,14,15,74,8,29,53,5,1.95,7.582733397251754
9,194,4,14,13,97,1,29,53,5,1.08,7.649692623711514
7,116,2,5,8,97,8,29,53,5,1.26,7.302496423727326
0,98,3,14,15,32,5,7,40,1,2.2,5.886104031450156
10,225,3,14,15,70,8,5,89,5,2.6,6.672032945461067
9,193,4,10,13,97,8,29,53,5,0.98,7.549609165154532
4,279,3,10,8,79,8,16,53,5,1.6,7.095064377287131
7,119,4,5,5,47,8,14,46,5,1.09,8.03947991910045
10,217,3,14,8,97,7,16,72,5,2.2,6.672032945461067
7,363,3,14,8,97,8,16,69,5,2.04,6.927548102308689
0,70,3,14,8,59,5,10,53,5,2.4,6.214608098422191
10,453,3,7,8,74,5,4,53,5,1.44,6.782192056006791
7,368,3,7,8,74,8,16,53,5,1.49,6.8679744089702925
11,153,1,16,8,102,1,18,76,5,2.7,7.3777589082278725
4,256,1,14,8,102,1,5,76,5,2.6,7.2078598714324755
11,160,1,14,8,77,8,5,75,5,2.2,7.021896134389698
4,547,3,14,0,74,5,10,22,5,2.18,6.530863050360161
7,112,4,14,8,89,8,16,28,5,1.84,7.1685721930741115
7,122,4,7,31,97,8,16,53,5,1.39,7.047517221357296
16,450,3,14,15,91,1,16,68,5,2.4,7.588829878307813
10,474,0,7,13,74,8,29,53,5,1.37,7.509883061154913
4,277,3,14,0,68,5,26,47,5,1.95,6.594276651486346
10,493,4,5,15,97,8,16,53,5,1.36,7.409136443920128
7,373,3,14,8,68,8,16,47,5,2.31,7.061334366910438
4,547,3,14,0,74,5,10,53,5,2.18,6.563940149185663
7,365,3,10,0,68,5,26,47,5,1.95,7.047517221357296
10,208,3,14,0,113,5,10,44,5,2.2,5.736572297479192
7,110,4,5,8,68,5,26,47,5,1.26,7.365180126021013
7,50,3,14,0,36,5,10,41,4,1.86,5.66953603592761
10,588,0,7,19,90,1,12,56,5,1.3,7.495541943884256
16,446,3,10,15,68,5,4,47,5,1.47,7.00850518208228
7,110,2,5,8,68,8,16,47,5,1.26,7.4205789054108005
4,547,3,14,0,54,5,10,47,5,2.18,6.3272222427913265
11,168,1,14,8,102,8,5,75,5,2.2,7.090076835776092
4,285,4,10,8,74,8,16,53,5,1.36,7.402451520818244
4,56,1,16,4,93,1,31,82,5,4.36,7.922623574217286
7,316,1,16,15,70,8,5,90,5,2.75,7.24422751560335
2,575,3,16,2,112,5,10,66,5,2.8,6.274762021241939
0,498,3,14,0,74,5,26,53,5,2.23,6.429719478039138
16,438,3,14,0,68,8,16,47,5,2.2,7.02108396428914
10,584,0,1,13,53,8,16,46,5,1.1,7.170119543449628
10,224,1,14,15,23,1,31,33,5,2.5,6.907755278982137
4,283,4,5,7,74,8,16,40,5,1.36,7.295192184570911
10,203,3,14,8,97,8,10,66,4,2.2,6.530877627725885
4,262,3,16,2,54,5,10,30,5,2.36,6.492239835020471
0,91,3,10,0,36,5,23,41,1,1.68,5.857933154483459
7,596,5,14,15,94,8,38,100,5,2.0,7.718685495198466
4,285,4,10,8,99,8,16,53,5,1.36,7.4821189235521155
16,345,3,7,8,68,8,16,47,7,1.2,7.2868764117507
2,99,0,5,8,50,8,35,46,1,1.2,7.05617528410041
10,483,4,10,15,91,8,16,47,5,1.7,7.306524687507587
4,56,1,16,12,102,1,31,80,5,4.36,8.056743774975313
4,576,0,7,7,81,8,16,52,5,1.24,7.549609165154532
7,367,0,2,36,113,5,16,44,5,1.45,6.654152520183219
4,576,4,7,32,89,8,16,47,5,1.3,7.1459844677143876
0,96,0,2,27,36,5,23,41,1,1.25,5.966146739123692
16,343,3,7,8,71,8,16,47,5,1.2,7.336936913707618
10,473,4,5,15,78,8,16,53,5,1.36,7.473637108496206
0,78,3,14,8,74,0,5,86,5,2.4,6.917705609835305
16,333,4,5,7,97,8,29,53,5,1.1,7.490529402060711
7,363,3,14,0,73,8,10,69,5,2.04,6.742290839254605
4,239,3,14,0,54,5,10,24,2,2.25,6.1455152219349065
4,281,3,14,0,74,5,26,53,5,1.9,6.716594773520978
7,363,3,14,8,59,5,26,53,5,2.04,6.530877627725885
4,56,1,16,15,102,4,18,80,5,4.42,8.055157731819678
10,203,3,14,8,74,7,16,66,5,2.4,6.54534966033442
4,576,0,7,31,105,1,29,52,5,1.22,7.549609165154532
4,290,4,10,39,91,8,16,47,5,1.5,7.5827283055631725
4,56,1,16,8,92,4,18,80,5,4.42,7.937731775260109
16,435,3,10,8,68,8,16,47,5,1.95,7.074116816197362
2,408,1,16,8,102,1,18,79,5,2.73,7.626034000179687
7,370,3,14,15,75,8,5,69,5,2.04,6.887552571664617
10,465,3,10,0,68,5,27,47,7,1.7,6.910750787961936
2,376,0,14,5,97,1,33,86,5,2.3,7.495541943884256
7,26,3,14,0,97,7,10,53,5,2.04,6.363028103540465
2,406,1,16,8,102,1,18,76,5,2.99,7.4673710669175595
4,259,0,14,13,97,0,29,53,5,2.19,7.170119543449628
16,344,3,7,8,68,5,4,47,7,1.2,7.086737934510577
10,206,3,14,8,5,7,16,7,5,2.2,6.309918278226516
5,295,3,14,0,68,5,16,47,5,2.3,6.476972362889683
16,437,3,10,0,68,5,26,47,5,1.75,6.82001636467413
4,239,3,14,0,74,5,26,24,5,2.25,6.396929655216146
7,370,3,14,8,74,8,10,53,5,2.04,6.693323668269949
10,291,1,14,15,102,8,5,79,5,2.5,7.081708586105575
4,245,3,14,0,97,8,10,30,5,2.36,6.620073206530356
4,279,3,10,8,74,8,4,54,5,1.6,7.02108396428914
7,113,2,5,8,47,8,29,46,5,0.97,7.554334823725748
7,17,3,14,8,56,5,5,6,5,2.1,6.214608098422191
10,503,3,14,0,37,5,4,43,4,1.9,5.604404030675922
10,470,3,14,8,68,8,16,47,5,2.3,7.2078598714324755
4,243,0,7,7,74,8,16,53,5,1.68,6.7912214627261855
2,602,3,7,32,74,8,16,53,5,1.4,7.048386408721883
7,418,4,7,13,97,8,16,53,5,1.11,7.2078598714324755
0,75,3,14,0,113,5,26,44,5,2.4,5.942799375126701
2,397,1,14,8,102,1,18,76,5,2.5,7.495541943884256
7,111,4,10,8,97,8,29,53,5,1.48,7.644919344958857
0,306,1,14,15,102,8,5,75,5,2.7,7.13966033596492
7,106,3,7,15,74,8,16,53,5,1.34,7.081708586105575
4,547,3,14,0,59,5,4,53,5,2.18,6.306275286948016
7,369,3,10,0,74,5,26,53,5,1.64,6.659293919683638
16,339,3,7,8,68,5,4,47,5,1.2,7.086737934510577
7,111,3,10,0,71,5,16,47,5,1.48,7.003965054029298
7,365,3,10,8,74,5,16,53,5,1.95,7.095064377287131
7,109,4,10,8,91,8,16,47,7,1.43,7.27931883541462
7,362,3,10,8,74,8,16,69,5,1.64,6.956793031546652
7,369,3,10,0,59,5,26,53,5,1.64,6.529418838262226
4,256,1,14,8,77,8,1,75,5,2.65,6.856461984594587
7,110,4,5,8,74,5,26,53,5,1.26,7.3395376954076745
7,117,3,10,8,74,5,16,53,5,1.48,7.372118028337787
7,111,4,10,8,89,8,16,47,5,1.54,7.54338456933354
7,368,3,7,0,59,5,26,53,5,1.49,6.68586094706836
16,332,3,7,0,68,8,16,47,5,1.5,7.099201743553092
7,363,3,14,0,59,5,16,53,5,2.04,6.647675403310604
10,464,3,16,12,94,1,29,99,7,2.4,7.99598047476376
16,447,3,10,15,68,8,16,47,5,1.47,7.307202314764738
7,109,3,10,8,89,8,16,47,5,1.43,7.709756864454165
4,246,0,14,13,58,5,10,47,5,2.08,6.680842131660057
16,347,4,7,8,68,8,16,47,5,1.2,7.372118028337787
7,417,3,7,15,74,8,16,53,5,1.11,7.047517221357296
7,362,3,10,8,97,8,16,69,5,1.64,7.078704077085276
4,288,3,14,8,71,8,26,47,5,2.09,6.954104370919498
7,116,4,5,0,74,5,16,53,5,1.26,7.352441100243583
7,366,3,10,0,74,5,26,53,5,2.31,7.081708586105575
7,365,3,10,0,74,5,26,53,5,1.95,6.966967138613983
4,576,4,7,31,74,8,16,53,5,1.29,7.393263094763838
7,371,3,16,8,74,8,16,69,5,2.63,6.985641817639208
7,362,3,10,0,74,5,16,53,5,1.64,6.881411303642535
0,58,3,14,0,14,7,10,17,5,2.1,6.016157159698354
11,163,1,16,8,102,8,5,75,5,2.7,7.084058763450528
7,372,3,10,8,68,8,16,47,7,1.95,7.086737934510577
7,112,3,14,8,89,8,16,47,5,1.84,7.114761318252113
7,110,4,5,8,89,8,16,47,5,1.26,7.2078598714324755
7,363,3,14,0,74,5,26,53,5,2.04,6.610696044717759
16,448,4,10,15,91,8,16,47,5,1.47,7.453561871643373
4,288,3,14,8,71,8,16,47,7,2.09,6.969743676316205
7,362,3,10,8,74,8,16,53,5,1.64,6.919199542866395
10,581,0,14,13,89,5,16,47,5,1.8,6.742880635791903
17,515,3,10,0,27,3,23,41,5,1.45,5.355642433167306
16,439,3,14,15,89,1,16,68,5,2.4,7.262628600974241
10,478,3,14,8,68,8,16,47,5,2.3,6.957116708519861
7,111,3,10,8,68,5,26,47,5,1.54,6.90875477931522
7,112,3,14,8,71,8,21,47,5,1.84,7.651757157760393
7,109,3,10,8,68,8,16,47,7,1.43,7.293017679772782
11,185,1,16,15,93,1,18,93,5,3.78,7.343840115024246
10,226,1,16,15,92,1,5,93,5,4.6,7.736739317537815
2,94,2,2,0,36,5,7,41,1,1.2,5.66608060747219
10,472,3,10,10,91,1,16,47,7,1.1,7.8713112033234065
7,308,3,14,15,97,8,10,72,5,1.91,6.887552571664617
4,249,0,14,13,76,8,16,53,5,2.3,6.9985096422506015
7,363,3,14,0,74,5,16,53,5,2.04,6.887552571664617
4,576,4,7,31,97,1,12,53,5,1.2,7.720905251936779
7,366,3,14,0,58,5,26,47,5,2.31,6.559827679515073
7,49,3,14,0,74,5,26,53,4,1.96,6.214608098422191
0,73,3,14,0,11,8,10,17,5,2.4,6.1092475827643655
4,253,0,7,13,97,0,16,53,5,1.6,7.170119543449628
11,183,1,14,8,92,1,18,79,5,2.94,7.506591780070841
7,363,3,14,8,97,8,16,53,5,2.04,6.976348070447749
2,388,1,16,15,92,1,10,90,4,4.0,6.906754778648554
4,239,3,14,8,74,5,10,40,5,2.25,6.327936783729195
4,245,3,14,8,97,1,22,30,5,2.32,6.898704443461719
11,176,1,14,8,92,1,18,79,5,1.8,7.5652752818989315
4,576,4,7,8,97,8,16,53,5,1.29,7.285506548522785
2,380,1,16,15,93,6,12,92,5,3.58,8.288031567776464
4,241,0,7,7,89,8,16,47,5,1.62,6.68337346133251
4,55,1,14,6,92,1,18,91,5,3.21,7.1929342212158
1,298,4,3,22,43,8,15,46,3,0.92,7.170888478512505
4,276,3,14,0,58,5,26,47,5,2.06,6.179975244927748
7,366,3,14,0,68,5,26,47,5,2.31,7.090076835776092
7,110,4,5,8,68,8,16,47,7,1.26,7.090076835776092
7,361,3,7,8,97,8,16,53,5,1.49,6.994849985833071
10,474,4,5,13,89,8,16,47,5,1.3,7.446870939281707
10,201,3,16,2,68,8,0,21,5,3.0,6.492239835020471
10,235,3,14,15,70,5,10,86,5,2.3,6.885509670034818
11,186,1,16,8,102,1,18,80,5,3.78,7.824046010856292
10,513,3,14,0,68,5,26,47,5,2.1,6.293419278846481
7,373,3,14,8,68,5,26,47,7,2.31,6.846943139585379
10,589,4,5,30,47,8,29,46,5,0.99,7.24422751560335
10,226,1,16,15,93,4,30,93,5,4.6,8.083637203141548
10,592,0,0,28,31,5,35,41,5,0.69,6.472763518115628
7,421,4,7,12,97,1,29,53,5,1.3,7.6255950721324535
4,547,3,14,8,74,8,16,53,5,2.18,6.621405651764134
7,111,3,10,8,68,5,26,47,7,1.54,6.9392442560720795
7,594,5,14,8,89,8,16,0,7,1.9,7.310550158534422
10,465,3,10,8,68,8,9,47,7,1.7,7.090076835776092
7,90,3,7,32,109,5,23,46,1,1.29,6.423246963533519
0,73,3,14,0,11,5,26,17,5,2.4,5.961005339623274
4,238,3,14,0,111,5,26,40,2,2.2,5.977593791422191
7,50,3,14,0,56,5,10,47,4,1.86,5.849295961087796
2,400,1,16,15,102,8,18,79,5,2.7,7.3777589082278725
4,242,4,7,15,83,5,16,7,5,1.4,6.708511342992233
7,116,2,5,0,68,5,4,47,7,2.4,7.3777589082278725
0,77,3,14,8,74,8,18,86,5,2.4,6.684611727667927
4,245,3,14,8,74,8,10,30,5,2.36,6.461155627515417
11,179,1,16,8,92,8,16,90,5,2.6,7.3777589082278725
7,49,3,14,0,112,5,10,42,5,1.96,6.2166061010848646
2,147,1,16,15,92,1,5,93,5,4.3,7.7406644019172415
4,286,4,5,0,58,5,26,47,7,1.5,7.035400632817807
4,286,4,5,0,58,5,4,47,7,1.5,7.063022478126802
0,92,3,14,0,32,5,8,40,1,2.2,5.3471075307174685
7,595,5,16,15,92,8,10,3,7,3.0,7.9724660159745655
10,291,1,14,8,102,1,29,76,5,2.4,7.090076835776092
4,286,4,5,0,68,8,16,47,7,1.5,7.2542485653137305
11,151,1,16,8,92,8,5,89,5,2.9,7.32131421022041
10,581,0,14,13,68,5,16,47,5,2.1,6.7661917146603505
7,34,3,14,8,8,5,10,15,5,2.1,5.988961416889864
2,395,1,14,15,92,1,5,89,5,2.59,7.200424892944957
7,108,3,7,31,46,8,16,46,5,1.16,7.438383530044307
4,546,3,14,0,68,5,26,20,7,2.24,6.646585301070466
10,507,3,14,0,54,5,4,47,5,2.1,6.063785208687608
7,419,4,7,8,89,8,29,47,5,1.16,7.585788821732034
10,592,0,0,28,31,5,35,41,0,0.69,6.309918278226516
4,576,4,7,8,98,8,16,58,5,1.23,7.22983877815125
10,226,1,16,15,93,1,17,93,5,4.6,7.919716125876165
14,86,4,5,33,89,8,16,47,5,1.25,6.937314081223682
16,335,4,7,8,97,1,29,53,5,1.05,7.708410667257367
2,403,1,16,8,92,8,5,89,5,3.52,7.180442995849564
17,514,3,7,8,27,5,23,41,5,1.35,5.2832037287379885
7,419,3,7,8,68,8,16,47,5,1.16,7.43307534889858
7,109,3,10,8,68,8,16,47,7,1.43,7.322510433997394
4,288,3,14,0,68,5,26,47,2,2.09,6.262693252225446
2,538,3,14,0,59,5,10,53,5,2.0,6.077642243349034
10,474,0,10,13,89,8,16,47,5,1.8,7.4205789054108005
10,592,0,0,28,31,5,35,41,5,0.69,6.173786103901937
7,110,4,5,0,71,8,16,47,7,1.26,7.547501682814967
10,291,1,14,15,77,8,5,79,4,2.4,6.897704943128636
7,311,1,16,15,70,8,5,79,5,3.35,7.029972911706386
7,27,3,14,0,97,8,22,53,5,2.04,6.4457198193855785
10,461,0,10,13,91,8,29,105,7,1.8,7.626268016386377
2,267,3,10,0,37,5,23,43,5,1.5,5.631211781821365
7,50,4,14,8,97,8,16,53,5,1.84,6.6240652277998935
0,71,3,14,8,74,5,10,72,5,2.23,6.424869023905388
10,216,3,14,8,89,1,1,27,5,2.5,7.003065458786462
4,245,3,14,0,74,8,10,30,5,2.5,6.665683717782408
11,185,1,16,8,94,1,18,93,5,3.78,7.783224016336037
7,112,4,14,8,89,8,16,47,7,1.88,7.683735117835295
10,472,0,10,30,91,1,29,47,5,2.8,7.80016307039296
11,166,1,14,8,102,8,5,75,5,2.4,7.042111331481216
7,419,0,7,7,71,8,16,47,5,1.48,7.396335293800808
7,593,5,14,15,92,8,16,100,7,2.59,7.709756864454165
7,419,0,7,39,91,8,16,47,5,1.48,7.495541943884256
7,596,5,14,8,92,8,16,100,7,2.0,7.549609165154532
7,110,4,5,8,88,8,16,47,7,1.26,7.739772700121512
4,551,3,14,8,97,8,16,72,5,2.18,6.918596302160012
7,112,3,14,8,68,8,16,47,7,1.88,7.365180126021013
10,472,0,10,30,89,8,16,47,5,1.27,7.757906208351747
10,508,3,14,0,54,5,10,47,4,1.9,5.8289456176102075
7,4,3,14,0,17,5,26,13,5,1.86,5.697093486505405
10,82,3,14,8,68,8,10,21,4,2.32,6.396929655216146
4,256,1,14,8,102,8,10,78,5,2.62,7.090076835776092
4,577,3,14,26,70,8,16,73,5,2.04,7.719431883248258
7,30,3,14,8,10,5,16,6,5,1.91,6.173556910972577
11,170,1,16,8,102,1,18,76,5,2.7,7.309078487922966
10,466,4,10,8,91,0,29,47,7,1.4,7.7406644019172415
10,81,3,14,8,68,8,1,21,5,2.5,6.67138716737102
7,419,0,7,39,91,8,29,47,5,1.48,7.621684998724611
10,465,4,10,8,91,8,16,47,7,1.7,7.313220387090301
11,173,1,10,8,92,1,18,91,5,1.7,7.478734825567875
7,327,1,14,15,102,8,10,75,5,2.62,6.802394763324311
10,204,3,14,0,54,8,10,47,5,2.2,6.131226489483141
7,48,3,14,0,68,5,26,47,4,2.1,6.1695898117705275
4,256,1,14,6,102,8,5,76,5,2.62,7.312553498102598
10,471,3,14,15,74,8,16,53,5,1.95,7.237778191923443
10,52,3,14,8,56,5,10,67,5,2.2,6.150602768446279
7,426,3,10,0,36,3,23,41,5,1.44,5.521460917862246
11,322,1,14,15,97,8,10,75,5,2.2,6.733401891837359
7,49,3,14,8,89,8,16,47,5,1.96,6.522092798170152
7,363,3,14,8,106,1,29,61,5,2.1,7.05617528410041
2,567,3,14,0,34,5,26,40,5,2.2,5.91350300563827
10,512,3,14,0,68,5,26,47,4,2.1,5.988961416889864
10,217,3,14,8,97,8,10,72,4,2.2,6.565264970035361
2,499,3,10,8,59,5,16,53,5,2.0,6.646390514847729
10,83,3,14,8,89,5,1,47,7,2.32,6.716594773520978
10,225,1,14,15,92,1,29,87,5,3.31,7.174724309836376
11,175,1,14,8,92,1,5,91,5,1.91,7.6752536164097185
7,363,3,14,0,58,5,26,47,5,2.07,6.478509642208569
10,472,0,10,30,68,8,16,47,5,1.36,7.401231264413015
10,203,4,14,8,97,7,16,65,5,1.54,6.723832440821209
4,551,3,14,8,97,8,16,74,2,1.98,6.797951573626936
0,58,3,14,0,39,5,26,43,5,2.1,5.811140992976701
7,325,3,14,15,92,7,10,89,5,2.18,6.684611727667927
2,396,1,14,15,92,8,18,89,5,2.591,6.813444599510896
4,249,0,14,7,97,1,29,53,5,2.09,7.07326971745971
0,71,3,14,8,74,5,16,72,5,2.23,6.539585955617669
4,576,4,7,31,71,8,16,47,2,1.23,7.003065458786462
0,356,1,16,15,102,1,18,80,5,4.2,7.8632667240095735
10,291,1,14,15,77,8,10,75,5,2.4,6.709304340258298
15,101,0,4,29,116,5,23,38,1,1.15,6.492239835020471
7,50,3,14,0,74,5,26,53,5,1.86,6.186208623900494
1,298,4,3,22,43,8,15,49,3,0.92,7.059617628291383
4,253,0,7,13,74,8,16,53,5,1.6,7.090076835776092
7,328,3,14,15,102,0,5,75,5,2.21,7.191429330036379
10,509,3,14,0,56,5,10,24,4,1.9,5.910796644040527
2,392,1,16,15,92,1,31,93,5,4.3,7.67368812926773
0,58,3,14,0,39,5,10,43,2,2.1,5.60947179518496
11,180,1,16,8,102,1,18,79,5,2.43,7.625546290454842
4,245,3,14,0,54,5,4,29,5,2.3,6.214608098422191
10,204,3,14,0,89,8,26,66,4,2.2,6.4457198193855785
4,250,0,14,7,106,1,29,61,5,2.0,7.1592919047975645
4,576,4,7,31,97,1,29,53,5,1.2,7.893945138235959
2,131,1,14,8,92,8,10,79,5,2.2,7.064759027791802
4,245,3,14,8,74,8,16,30,5,2.36,6.7912214627261855
7,25,3,14,0,74,8,16,53,5,1.91,6.363028103540465
10,207,3,14,0,18,5,26,13,5,2.2,5.703782474656201
0,72,3,16,2,54,8,10,72,5,3.3,6.4457198193855785
2,408,1,14,8,102,1,18,80,5,2.2,7.803843303538772
1,298,4,3,22,44,8,28,46,3,0.92,7.154615356913663
2,130,3,14,8,102,1,5,79,5,2.2,7.4673710669175595
11,182,1,16,15,92,1,18,79,5,2.43,7.575579523339515
4,259,0,14,13,74,8,16,53,5,2.191,6.907755278982137
2,385,1,16,8,102,1,18,79,5,2.9,7.575584651557793
0,87,2,2,0,32,3,25,40,1,1.3,5.1647859739235145
0,105,3,16,2,56,5,10,72,5,3.3,6.395261598115449
10,212,3,16,2,74,8,10,53,4,2.8,6.29156913955832
10,225,1,14,15,92,8,5,88,5,2.6,7.149131598557407
0,410,0,10,13,105,8,16,52,5,1.2,7.047517221357296
10,489,3,14,15,91,8,16,47,5,2.3,7.333023014386481
11,169,1,14,8,92,8,5,79,5,2.2,7.297842755045979
7,33,3,14,8,4,7,10,7,5,2.1,6.272877006546167
4,289,4,5,7,71,8,16,47,7,1.26,7.44680094517285
4,249,0,12,7,59,5,26,53,5,2.08,6.234410725718371
2,553,3,14,0,112,5,10,42,5,2.65,5.736572297479192
4,576,4,7,31,97,8,16,53,5,1.29,7.298445101508147
4,547,3,14,0,74,5,10,47,2,2.18,6.259313741806043
10,225,1,14,13,92,1,5,89,5,2.6,6.937314081223682
11,161,1,14,8,102,8,5,75,5,2.2,7.047517221357296
10,474,2,5,13,88,1,29,47,5,1.3,7.409136443920128
14,85,1,10,8,102,1,12,79,5,1.95,8.160518247477505
4,239,3,14,36,59,8,10,53,5,2.3,6.152753971073506
11,154,1,16,8,102,1,18,79,5,2.7,7.377133712833954
1,299,4,2,0,62,5,15,51,3,1.08,6.866933284461882
7,23,3,14,8,56,5,10,47,5,2.1,6.171700597410915
7,111,4,10,4,89,8,16,47,7,1.54,7.695844389732659
4,546,3,14,0,68,5,26,47,7,2.24,6.6039438246004725
11,158,1,14,8,92,8,5,89,5,2.3,7.064759027791802
10,453,3,7,15,97,1,29,53,5,1.4,7.313220387090301
10,206,3,14,8,5,7,16,7,5,2.2,6.394543477223177
2,603,4,7,8,89,8,16,47,5,1.45,7.155396301896734
0,76,3,14,0,54,5,26,47,2,2.4,5.893851718240982
4,261,0,16,7,97,1,29,72,5,2.77,7.495541943884256
7,111,3,10,8,68,5,16,47,7,1.54,7.003965054029298
2,398,1,14,15,102,1,18,76,5,2.5,7.3783837129967145
4,279,3,10,0,74,5,26,53,5,1.6,6.775366090936392
2,394,1,14,15,92,1,18,80,5,2.34,7.75190533307861
10,532,3,14,15,74,8,16,53,4,2.3,6.352629396319567
4,576,0,7,31,81,8,16,52,5,1.24,7.503289630675082
4,238,3,14,0,112,5,26,40,2,2.2,5.783825182329737
7,51,3,14,0,8,5,26,16,5,1.86,5.991464547107982
10,204,3,14,8,58,7,4,66,5,2.4,6.345636360828596
10,458,3,10,15,68,8,16,47,5,1.9,6.9782137426306985
4,238,3,14,0,111,5,26,40,5,2.2,6.09805181000363
2,558,3,14,0,37,5,10,43,5,2.0,5.8289456176102075
2,391,1,16,15,92,1,5,91,5,4.0,7.550135342488429
4,547,3,14,0,56,5,26,47,5,2.29,6.19644412779452
10,84,3,14,8,89,8,1,21,7,2.32,6.79794041297493
11,148,1,14,8,92,8,5,89,5,2.4,7.114769448366463
10,579,0,10,7,68,5,4,47,5,1.8,6.726245392694536
2,601,4,7,15,45,8,29,46,5,1.2,6.593044534142437
4,239,3,14,0,59,7,10,53,5,2.3,6.131226489483141
0,74,3,14,0,36,5,26,41,2,2.4,5.66988092298052
4,238,3,14,0,34,3,26,40,5,2.2,5.940171252720432
10,225,3,14,15,92,8,10,89,5,2.6,6.802394763324311
7,324,3,14,8,12,7,1,29,5,2.04,6.311716660167896
4,239,3,14,0,97,8,10,24,2,2.3,6.6933112766194425
7,425,2,2,0,36,3,23,41,5,1.17,5.3471075307174685
2,571,3,14,0,89,5,26,65,5,2.2,6.581082866839071
10,580,0,10,13,89,5,4,47,5,1.8,6.459904454377535
10,588,0,7,19,89,1,29,47,5,1.3,7.313220387090301
10,196,3,10,0,34,3,35,40,5,1.5,5.438079308923196
7,2,3,14,0,89,7,10,21,5,2.19,6.639875833826536
2,568,3,14,0,34,5,26,40,5,2.2,5.91350300563827
2,601,4,7,15,45,8,29,46,5,1.2,6.593044534142437
4,239,3,14,0,59,7,10,53,5,2.3,6.131226489483141
0,74,3,14,0,36,5,26,41,2,2.4,5.66988092298052
4,238,3,14,0,34,3,26,40,5,2.2,5.940171252720432
10,225,3,14,15,92,8,10,89,5,2.6,6.802394763324311
7,324,3,14,8,12,7,1,29,5,2.04,6.311716660167896
4,239,3,14,0,97,8,10,24,2,2.3,6.6933112766194425
7,425,2,2,0,36,3,23,41,5,1.17,5.3471075307174685
2,571,3,14,0,89,5,26,65,5,2.2,6.581082866839071
10,580,0,10,13,89,5,4,47,5,1.8,6.459904454377535
10,588,0,7,19,89,1,29,47,5,1.3,7.313220387090301
10,196,3,10,0,34,3,35,40,5,1.5,5.438079308923196
7,2,3,14,0,89,7,10,21,5,2.19,6.639875833826536
2,568,3,14,0,34,5,26,40,5,2.2,5.91350300563827
2,601,4,7,15,45,8,29,46,5,1.2,6.593044534142437
4,239,3,14,0,59,7,10,53,5,2.3,6.131226489483141
0,74,3,14,0,36,5,26,41,2,2.4,5.66988092298052
4,238,3,14,0,34,3,26,40,5,2.2,5.940171252720432
10,225,3,14,15,92,8,10,89,5,2.6,6.802394763324311
7,324,3,14,8,12,7,1,29,5,2.04,6.311716660167896
4,239,3,14,0,97,8,10,24,2,2.3,6.6933112766194425
7,425,2,2,0,36,3,23,41,5,1.17,5.3471075307174685
2,571,3,14,0,89,5,26,65,5,2.2,6.581082866839071
10,580,0,10,13,89,5,4,47,5,1.8,6.459904454377535
10,588,0,7,19,89,1,29,47,5,1.3,7.313220387090301
10,196,3,10,0,34,3,35,40,5,1.5,5.438079308923196
7,2,3,14,0,89,7,10,21,5,2.19,6.639875833826536
2,568,3,14,0,34,5,26,40,5,2.2,5.91350300563827
